Time_s,CPU_Usage_percent,CPU_Frequency_MHz
0.00,78.60,2611.00
1.48,92.60,2611.00
2.61,39.30,2611.00
3.81,66.70,1506.00
5.03,53.60,1506.00
6.18,44.80,2611.00
7.44,27.60,1506.00
8.60,28.60,1506.00
9.75,75.00,2611.00
10.93,27.60,2611.00
12.12,50.00,1506.00
13.24,60.70,1506.00
14.35,93.30,2611.00
15.69,34.60,1506.00
16.74,58.60,1506.00
17.90,56.70,2611.00
19.20,67.70,1506.00
20.42,40.00,1506.00
21.60,83.30,2611.00
22.60,63.30,2611.00
23.78,69.00,2611.00
24.90,44.80,2611.00
26.01,63.90,2611.00
27.30,44.80,1506.00
28.46,44.80,1506.00
29.70,52.00,1506.00
31.01,55.20,2611.00
32.14,39.30,1506.00
33.30,43.30,2611.00
34.40,65.40,2611.00
35.63,53.60,2611.00
36.94,53.30,2611.00
38.13,56.70,2611.00
39.37,26.90,1506.00
40.49,61.30,2611.00
41.72,69.70,2611.00
42.92,72.40,1506.00
44.21,48.30,1506.00
45.48,32.00,2611.00
46.76,54.20,1506.00
47.98,37.90,2611.00
49.27,54.80,2611.00
50.45,50.00,1506.00
51.84,75.00,2611.00
53.12,50.00,1506.00
54.27,32.10,1506.00
55.51,61.50,2611.00
56.77,59.30,1506.00
57.95,40.00,1506.00
59.13,37.90,2611.00
60.34,60.00,1506.00
61.54,53.30,2611.00
62.74,58.10,1506.00
63.90,36.00,2611.00
65.10,55.20,2611.00
66.32,38.50,2611.00
67.54,41.40,2611.00
68.80,36.40,2611.00
70.09,56.20,2611.00
71.35,44.80,2611.00
72.62,46.70,2611.00
73.85,51.60,1506.00
75.09,83.30,2611.00
76.30,50.00,1506.00
77.60,39.30,2611.00
78.81,29.20,2611.00
80.00,48.50,2611.00
81.37,57.10,2611.00
82.69,76.90,1506.00
83.97,55.60,2611.00
85.20,82.10,2611.00
86.41,32.10,1506.00
87.63,60.00,1506.00
88.85,41.90,1506.00
89.99,61.30,2611.00
91.14,42.90,1506.00
92.31,50.00,1506.00
93.48,44.80,2611.00
94.71,29.60,2611.00
95.85,81.20,1506.00
97.08,54.30,2611.00
98.25,56.00,2611.00
99.38,48.10,1506.00
100.57,28.60,1506.00
101.71,41.40,2611.00
102.94,62.10,1506.00
104.16,31.20,2611.00
105.36,44.80,1506.00
106.53,42.40,1506.00
107.66,41.40,2611.00
108.88,60.70,1506.00
110.04,44.80,2611.00
111.38,90.30,1506.00
112.56,51.70,1506.00
113.64,65.50,2611.00
114.85,60.00,1506.00
115.93,61.30,2611.00
117.05,48.40,2611.00
118.09,56.20,2611.00
119.17,40.00,1506.00
120.51,63.30,1506.00
121.78,55.20,2611.00
122.85,92.60,2611.00
123.98,48.40,2611.00
125.07,80.60,2611.00
126.15,39.30,2611.00
127.29,57.60,2611.00
128.35,69.20,2611.00
129.46,48.30,2611.00
130.67,56.00,2611.00
131.75,37.50,1506.00
132.82,60.00,2611.00
133.90,45.80,2611.00
134.98,60.00,2611.00
136.16,65.50,2611.00
137.27,56.20,2611.00
138.33,38.20,1506.00
139.39,37.90,2611.00
140.50,58.30,1506.00
141.61,29.20,2611.00
142.95,81.50,1506.00
144.20,51.50,2611.00
145.34,51.90,1506.00
146.40,76.00,2611.00
147.51,41.40,2611.00
148.60,46.70,2611.00
149.67,57.10,1506.00
150.76,50.00,2611.00
151.85,53.30,1506.00
152.97,51.70,2611.00
154.09,32.00,2611.00
155.55,76.70,2611.00
156.60,44.80,2611.00
157.72,34.50,2611.00
158.78,70.80,1506.00
159.78,37.90,1506.00
160.84,41.70,2611.00
161.89,45.80,2611.00
162.93,50.00,2611.00
164.04,60.00,1506.00
165.18,37.90,2611.00
166.24,54.20,1506.00
167.33,26.50,2611.00
168.39,48.10,2611.00
169.50,20.70,1506.00
170.59,34.50,2611.00
171.72,46.40,2611.00
172.87,68.00,2611.00
174.01,48.40,1506.00
175.17,48.30,2611.00
176.35,80.60,1506.00
177.43,51.70,1506.00
178.52,44.80,2611.00
179.58,59.40,1506.00
180.67,60.60,1506.00
181.70,51.60,2611.00
182.74,41.40,2611.00
183.81,50.00,1506.00
184.88,42.40,2611.00
185.90,18.50,1506.00
186.98,29.60,1506.00
188.03,46.40,2611.00
189.21,34.50,2611.00
190.41,42.90,2611.00
191.60,48.30,1506.00
192.68,50.00,2611.00
193.78,25.00,2611.00
194.84,68.00,1506.00
195.91,50.00,2611.00
197.01,39.30,2611.00
198.07,34.50,2611.00
199.13,46.40,2611.00
200.30,25.00,2611.00
201.39,60.00,2611.00
202.45,41.70,2611.00
203.69,63.30,2611.00
204.86,53.30,2611.00
205.99,78.10,2611.00
207.05,27.60,1506.00
208.18,60.00,2611.00
209.29,53.30,2611.00
210.34,60.00,2611.00
211.42,50.00,2611.00
212.51,29.20,1506.00
213.60,56.70,1506.00
214.64,50.00,2611.00
215.73,67.70,2611.00
216.92,53.60,2611.00
218.01,55.20,1506.00
219.08,58.60,1506.00
220.14,50.00,1506.00
221.23,40.00,1506.00
222.33,32.00,2611.00
223.39,37.90,2611.00
224.39,36.70,1506.00
225.46,48.10,1506.00
226.49,33.30,2611.00
227.63,60.00,2611.00
228.68,25.00,1506.00
229.80,46.40,1506.00
230.94,33.30,1506.00
231.99,37.90,1506.00
233.35,51.60,2611.00
234.52,64.30,2611.00
235.60,61.30,1506.00
236.74,60.00,1506.00
237.81,37.50,1506.00
238.91,51.60,1506.00
240.02,40.00,1506.00
241.12,60.00,2611.00
242.25,38.50,2611.00
243.34,66.70,2611.00
244.43,41.40,2611.00
245.45,46.40,1506.00
246.51,60.00,2611.00
247.54,55.20,1506.00
248.68,37.00,1506.00
249.72,72.40,1506.00
250.87,50.00,2611.00
251.94,40.00,1506.00
253.04,31.00,2611.00
254.14,24.10,2611.00
255.44,33.30,2611.00
256.59,60.00,2611.00
257.68,64.50,2611.00
258.76,53.80,1506.00
259.80,48.30,2611.00
260.83,33.30,2611.00
261.96,46.40,2611.00
263.11,66.70,1506.00
264.13,86.70,2611.00
265.21,53.80,1506.00
266.30,41.40,1506.00
267.33,64.50,2611.00
268.50,48.00,2611.00
269.63,65.50,2611.00
270.71,34.50,1506.00
271.82,30.80,1506.00
272.94,41.40,2611.00
274.05,56.70,2611.00
275.25,25.00,2611.00
276.42,33.30,2611.00
277.51,35.70,2611.00
278.61,65.50,2611.00
279.75,42.40,2611.00
280.85,42.90,2611.00
281.97,57.10,2611.00
283.08,65.60,2611.00
284.14,38.50,1506.00
285.30,33.30,1506.00
286.42,61.80,1506.00
287.50,60.00,1506.00
288.51,43.30,1506.00
289.80,37.90,1506.00
290.87,46.40,2611.00
291.89,57.10,1506.00
293.04,70.00,2611.00
294.39,66.70,2611.00
295.67,55.20,1506.00
296.81,63.00,1506.00
297.92,46.20,2611.00
299.08,53.30,1506.00
