Time (s),CPU (%),Memory (%)
1.0046215057373047,60.8,82.8
2.009855270385742,50.0,82.8
3.0161983966827393,52.3,82.8
4.0230185985565186,53.4,82.6
5.079946517944336,63.5,82.2
6.13698148727417,90.9,82.0
7.145191431045532,73.0,81.8
8.155656099319458,66.2,81.9
9.161779165267944,64.2,81.8
10.167007684707642,56.3,81.9
11.173350811004639,57.2,81.9
12.179154634475708,65.6,81.9
13.18513822555542,66.3,81.9
14.191432237625122,61.6,81.9
15.195654392242432,51.3,81.8
16.257761240005493,70.1,82.4
17.325018167495728,94.3,83.7
18.329323291778564,78.1,83.5
19.334601640701294,68.7,83.5
20.444709062576294,87.5,83.7
21.50866436958313,65.8,83.7
22.92132878303528,77.1,83.9
24.21325135231018,77.8,83.7
25.23125982284546,73.8,83.5
26.242656707763672,73.3,83.5
27.247756719589233,92.4,84.3
28.252002000808716,85.7,83.1
29.256804704666138,69.6,82.7
30.26332712173462,76.0,82.7
31.272202968597412,69.9,82.2
32.27818775177002,87.5,83.2
33.2842915058136,61.0,82.9
34.290523290634155,71.3,83.0
35.29670453071594,69.0,83.0
36.30192852020264,46.0,83.0
37.3120174407959,56.7,82.9
38.32010293006897,51.4,82.2
39.32672309875488,65.4,82.1
40.33126401901245,54.5,81.8
41.33690619468689,54.6,81.7
42.34324097633362,46.7,81.8
43.34892797470093,50.4,81.8
44.35535907745361,66.8,81.8
45.36493515968323,51.5,81.5
46.37254881858826,59.2,81.4
47.38022065162659,63.6,81.4
48.38728165626526,55.0,81.4
49.394641160964966,63.5,81.4
50.401294469833374,59.2,81.4
51.40762186050415,58.7,81.4
52.4138867855072,70.7,81.6
53.42029905319214,62.2,81.6
54.4263653755188,60.1,81.6
55.432610750198364,55.7,81.6
56.440062522888184,67.2,81.6
57.44721341133118,57.4,81.6
58.452425718307495,65.5,81.5
59.458526611328125,65.9,81.4
60.46441602706909,58.1,81.4
